{
    "providers": [
        {
            "type": "bitmap",
            "file": "minecraft:font/defaultplayer.png",
            "ascent": 7,
            "height": 7,
            "chars": [
                "\u018A"
            ]
        },
		{
            "type": "bitmap",
            "file": "minecraft:font/kingprefix.png",
            "ascent": 7,
            "height": 7,
            "chars": [
                "\u019C"
            ]
        },
		{
            "type": "bitmap",
            "file": "minecraft:font/masterprefix.png",
            "ascent": 7,
            "height": 7,
            "chars": [
                "\u019D"
            ]
        },
		{
            "type": "bitmap",
            "file": "minecraft:font/knightprefix.png",
            "ascent": 7,
            "height": 7,
            "chars": [
                "\u019F"
            ]
        },
		{
            "type": "bitmap",
            "file": "minecraft:font/legendaprefix.png",
            "ascent": 7,
            "height": 7,
            "chars": [
                "\u018F"
            ]
        },
		{
            "type": "bitmap",
            "file": "minecraft:font/lordprefix.png",
            "ascent": 7,
            "height": 7,
            "chars": [
                "\u017D"
            ]
        },
		{
            "type": "bitmap",
            "file": "minecraft:font/witherprefix.png",
            "ascent": 7,
            "height": 7,
            "chars": [
                "\u015F"
            ]
        },
		{
            "type": "bitmap",
            "file": "minecraft:font/zeusprefix.png",
            "ascent": 7,
            "height": 7,
            "chars": [
                "\u013C"
            ]
        },
		{
            "type": "bitmap",
            "file": "minecraft:font/dragonprefix.png",
            "ascent": 7,
            "height": 7,
            "chars": [
                "\u010F"
            ]
        },
		{
            "type": "bitmap",
            "file": "minecraft:font/paladinprefix.png",
            "ascent": 7,
            "height": 7,
            "chars": [
                "\u017A"
            ]
        },
		{
            "type": "bitmap",
            "file": "minecraft:font/slideprefix.png",
            "ascent": 7,
            "height": 7,
            "chars": [
                "\u0298"
            ]
        },
		{
            "type": "bitmap",
            "file": "minecraft:font/adminprefix.png",
            "ascent": 7,
            "height": 7,
            "chars": [
                "\u02A8"
            ]
        },
		{
            "type": "bitmap",
            "file": "minecraft:font/easterprefix.png",
            "ascent": 7,
            "height": 7,
            "chars": [
                "\u03F8"
            ]
        },
		{
            "type": "bitmap",
            "file": "minecraft:font/logo.png",
            "ascent": 0,
            "height": 30,
            "chars": [
                "\u03EF"
            ]
        },
		{
            "type": "bitmap",
            "file": "minecraft:font/logosb.png",
            "ascent": 20,
            "height": 25,
            "chars": [
                "\u03CF"
            ]
        },
		{
            "type": "bitmap",
            "file": "minecraft:font/slidepoint.png",
            "ascent": 9,
            "height": 9,
            "chars": [
                "\u00D8"
            ]
        },
		{
            "type": "bitmap",
            "file": "minecraft:font/ruby_block.png",
            "ascent": 9,
            "height": 9,
            "chars": [
                "\u00FA"
            ]
        },
		{
            "type": "bitmap",
            "file": "minecraft:font/slidemoney.png",
            "ascent": 9,
            "height": 9,
            "chars": [
                "\u0586"
            ]
        }
    ]
}